voltage_v,voltage_squared,voltage_cubed,soc_percent
3.01047005,9.062929921947003,27.283679095270287,0.0
3.04957099832699,9.299883273837075,28.360654319719806,0.2
3.0809365245841,9.492169868516353,29.244772845468688,0.4
3.10847503148553,9.662617021368968,30.03600374973252,0.6
3.13297378365246,9.815524729053612,30.75178164891738,0.8
3.15518538526846,9.955194815411682,31.410485189087282,1.0
3.17550501653983,10.083832110069627,32.02125945147152,1.2
3.19430499773383,10.203584418547324,32.59336070296475,1.4000000000000001
3.21177369540401,10.31549027048913,33.13102030595298,1.6
3.22813628770401,10.420863891991427,33.639968878961966,1.7999999999999998
3.24354916095863,10.520611159555434,34.12411949934803,2.0
3.25797621848227,10.61440904019603,34.58149222620188,2.1999999999999997
3.27185519309481,10.705036404581476,35.02532895259889,2.4
3.2848534825315,10.790262401699325,35.44443102765074,2.6
3.29732550522676,10.872355487418908,35.84969505055848,2.8000000000000003
3.30920708824557,10.950851552894726,36.23863558116423,3.0
3.32054051343919,11.025989301391,36.61224417601589,3.2
3.33142252533166,11.098376042287173,36.97337994187673,3.4000000000000004
3.3419053326949,11.168331252694612,37.32350577068324,3.5999999999999996
3.35193033823314,11.235436992367733,37.66040211802431,3.8
3.36157631231581,11.30019530352276,37.98646885686448,4.0
3.37088839991185,11.362888604660274,38.30302938693987,4.2
3.37987600182107,11.42356178768598,38.61022234152004,4.3999999999999995
3.38848042591234,11.481799596791072,38.90585318797475,4.6
3.39685225018714,11.538605209601435,39.19493707025569,4.8
3.40500278664113,11.594043977033861,39.477752050240106,5.0
3.41270049680186,11.646524680871662,39.74610056442585,5.2
3.42022917377092,11.697967601113708,40.00973006315613,5.4
3.42746418967136,11.747510771479552,40.26417248702474,5.6000000000000005
3.43438925994899,11.79502958885297,40.50872294073719,5.800000000000001
3.44098631591769,11.840386826332796,40.74260904458323,6.0
3.44715337924959,11.882866420071869,40.96206313512222,6.2
3.45267421609336,11.920959242475899,41.15918860759637,6.4
3.45759101157383,11.954935603316143,41.33527788596986,6.6000000000000005
3.4618222039635,11.984212971854705,41.48721456299402,6.800000000000001
3.46538047612161,12.008861844284835,41.61527537562642,7.000000000000001
3.46854336170825,12.030793052050369,41.72932737677504,7.199999999999999
3.47092423920055,12.047315074269918,41.81531790856963,7.3999999999999995
3.47299358735018,12.06168445777547,41.89015277449554,7.6
3.47468238146654,12.073417652073987,41.95129159974861,7.8
3.47620247182851,12.083983625146642,42.00637374726999,8.0
3.47768781265815,12.094312522311029,42.06024326131991,8.200000000000001
3.47906788415385,12.103913342550745,42.110336182649576,8.4
3.48038382540865,12.113071572166149,42.1581383757844,8.6
3.48170795197224,12.122290262826729,42.206274404199476,8.799999999999999
3.48298031478158,12.131151873155993,42.252563169828015,9.0
3.48430951457864,12.140412793383236,42.300955806897456,9.2
3.48559228020611,12.14935354383243,42.347692921877055,9.4
3.48685516401575,12.158158934823303,42.393739266812865,9.6
3.48806936106838,12.166627867623976,42.43804189257991,9.8
3.48933306876401,12.175445264770062,42.48418378928835,10.0
3.49063400447193,12.184525753175741,42.5317199223992,10.2
3.49179949873671,12.19266373937794,42.574337133425146,10.4
3.49302324871294,12.201211416049102,42.61911513872124,10.6
3.49422750112958,12.20962582965027,42.66321035246604,10.8
3.49549437392712,12.218480918156148,42.70963130735068,11.0
3.49668414304508,12.226799996222905,42.753257666976275,11.200000000000001
3.49784182641973,12.234897442651313,42.79573601686156,11.4
3.49909846296709,12.243690053538652,42.841877047382546,11.600000000000001
3.50040274956819,12.252819409184545,42.88980274987207,11.799999999999999
3.50162812219315,12.261399506133927,42.93486132812376,12.0
3.50288783466323,12.270223182231652,42.981215513642,12.2
3.50419281485659,12.279367283692551,43.02927060650052,12.4
3.50550811774799,12.288587163597056,43.07774205764322,12.6
3.50692576196515,12.298528299934848,43.13002572929898,12.8
3.50835681446189,12.30856753758118,43.18284679673734,13.0
3.50986596490633,12.319159091607842,43.238597211900746,13.200000000000001
3.51159639973747,12.331309274649163,43.302581252907274,13.4
3.51329947629959,12.343273210166974,43.36561530510239,13.600000000000001
3.5152005505923,12.356634910884408,43.4360498422089,13.8
3.51703206785337,12.369514566308952,43.50397939348795,14.000000000000002
3.5188657945082,12.382416479759826,43.57206180398149,14.2
3.52088303832212,12.396617369544405,43.64703982899827,14.399999999999999
3.52279411432239,12.410078371904472,43.71815104682466,14.6
3.52466897854454,12.423291408314212,43.787989838304014,14.799999999999999
3.52652737954707,12.436395358695124,43.85728873531046,15.0
3.52844328270087,12.449911999236893,43.92880836392437,15.2
3.53027631429487,12.462850855271371,43.99730718295408,15.4
3.53206501915284,12.475483299523152,44.06421815927118,15.6
3.53382748308776,12.487936680226372,44.13021384764368,15.8
3.53561352058315,12.500562966930376,44.197159440780055,16.0
3.53730577511733,12.512532146678414,44.26065222378679,16.2
3.53894640813716,12.524141679666908,44.32226621225811,16.400000000000002
3.54073842396752,12.536828586959997,44.38963069254369,16.6
3.54239314010898,12.548549159091161,44.45189445948483,16.8
3.54411873302843,12.560777593803044,44.51688717160114,17.0
3.5456909376094,12.571924225045425,44.57615779305564,17.2
3.54734243764527,12.583638369919084,44.63847440959532,17.4
3.54900809834705,12.595458482132946,44.70138415548387,17.599999999999998
3.55061500477428,12.606866912128261,44.762130821395004,17.8
3.55232470934018,12.619010840588794,44.82682401645517,18.0
3.55391291250085,12.630296989640273,44.88697556020318,18.2
3.55560248644887,12.642309041641386,44.95102546291515,18.4
3.55722090975981,12.653820600832411,45.0124352296305,18.6
3.55899303660671,12.666431434615053,45.079741274451315,18.8
3.56062826689934,12.678073655042597,45.1419074259765,19.0
3.5622879286731,12.689895286770087,45.20506079618675,19.2
3.56397663147262,12.701929429682922,45.269379662004276,19.400000000000002
3.56559625376804,12.713476644884683,45.331124697368296,19.6
3.56722262495671,12.725077256003042,45.3931834919361,19.8
3.56892576503019,12.737231116296327,45.45823230609421,20.0
3.57045621430116,12.748157578241772,45.51673844612376,20.200000000000003
3.5719952860455,12.759150323531273,45.575624809599624,20.4
3.5735737215538,12.770429143379875,45.63606999974713,20.599999999999998
3.57505891990693,12.781046280806105,45.69299351193916,20.8
3.57663031854382,12.792284435526867,45.75327235554161,21.0
3.57799220341734,12.80202820771527,45.8055571151341,21.2
3.57948989471603,12.812747906374174,45.86310165441033,21.4
3.58090407411599,12.822873988020497,45.917481705578545,21.6
3.58220828899889,12.832216225772356,45.96767133018779,21.8
3.58360341988817,12.842213471034189,46.02140011373204,22.0
3.5849854235291,12.85212048691612,46.07466460703401,22.2
3.586334,12.861791559556,46.126680370948705,22.400000000000002
3.58775533285109,12.871988328401434,46.18154476961923,22.6
3.58910445616338,12.88167079725183,46.23366206124622,22.8
3.59043825672985,12.891246875389285,46.28522595834683,23.0
3.59179398187136,12.900984008207319,46.3376767208977,23.200000000000003
3.59317204011041,12.910885309831206,46.39103210835772,23.400000000000002
3.59452220035736,12.920589848861917,46.44334705344611,23.599999999999998
3.59592384989064,12.930668334212323,46.497698658019765,23.799999999999997
3.59727885881966,12.940415188110876,46.550281980540085,24.0
3.5987032519185,12.950665095368786,46.60560059321106,24.2
3.6000826977729,12.960595430803801,46.659215363271265,24.4
3.60145968464899,12.970511860152003,46.71277555359902,24.6
3.60285822082097,12.980587359337244,46.76721587867296,24.8
3.60411413835391,12.989638722282548,46.81614057108795,25.0
3.6055907960494,13.000284988556146,46.87370790075722,25.2
3.60691763933997,13.009854856981821,46.92547496890052,25.4
3.60829556122519,13.019796857157408,46.97927520773475,25.6
3.60971876447297,13.030069558588263,47.03488658802408,25.8
3.61108468467889,13.03993259992244,47.0883009008249,26.0
3.61238660772022,13.049337003636397,47.13925023156402,26.200000000000003
3.61376633999963,13.05930716011432,47.193284638937286,26.400000000000002
3.61503063285943,13.068446476512053,47.24283433647496,26.6
3.61643728100506,13.078618607443271,47.298003916004326,26.8
3.61775092172548,13.08812173164556,47.34956445831601,27.0
3.61915743304184,13.098300525142001,47.404811705783516,27.200000000000003
3.62038501867594,13.107187683453187,47.453065926147715,27.400000000000002
3.62170393918966,13.1167394231419,47.50494683811733,27.6
3.62307251548355,13.1266544524523,47.558820966929694,27.800000000000004
3.62434713671989,13.135892167449663,47.60903316535742,28.000000000000004
3.62560487114054,13.145010681638013,47.65861475854121,28.199999999999996
3.62698357422769,13.15500984771747,47.713004636474764,28.4
3.62826611000187,13.164314964988101,47.763637848856774,28.599999999999998
3.62960442315997,13.174028268622417,47.8165112746264,28.799999999999997
3.63098044897382,13.184019020830123,47.870915303533145,28.999999999999996
3.63236467746686,13.194073150108926,47.92568526236956,29.2
3.63366056397927,13.203489094218146,47.976997628590844,29.4
3.63503983881048,13.21351462973932,48.031652089807544,29.599999999999998
3.63636015481928,13.223115175557297,48.0840091469827,29.799999999999997
3.63770753620002,13.232916118926422,48.13747869172136,30.0
3.63909368500455,13.243002848239994,48.19252803552743,30.2
3.6404320154471,13.252745259092237,48.24571813376415,30.4
3.64172213853222,13.262140134275686,48.29702933130844,30.599999999999998
3.64303545776393,13.271707346525249,48.34930044845752,30.8
3.6442585940955,13.280620700638911,48.39801612322596,31.0
3.64555862380146,13.290097679573195,48.449830206931836,31.2
3.64675888717065,13.298850381158118,48.49770081664115,31.4
3.6480598623773,13.308340759488287,48.549623759529055,31.6
3.64934218543601,13.317698386402874,48.600838534413086,31.8
3.65051708561668,13.3262749923793,48.64779454730693,32.0
3.65169371904469,13.334867017710438,48.694850132869405,32.2
3.65287756918868,13.343514535481798,48.74222494080457,32.4
3.65405850917785,13.352143588495053,48.78951389530482,32.6
3.65508091847518,13.359616520601364,48.83047942259582,32.800000000000004
3.65624902108444,13.368156904180925,48.8773105946147,33.0
3.65736605801429,13.376326482314987,48.92212245733651,33.2
3.6585280248379,13.384827308524308,48.968765815851825,33.4
3.65957885361638,13.392517385836179,49.0109734218958,33.6
3.66074529128219,13.401056087644726,49.057852971053954,33.800000000000004
3.66188507722756,13.409402318821895,49.103690245834535,34.0
3.66284481493266,13.41643213827907,49.142308892591394,34.2
3.66414012582026,13.425922861646113,49.19446268352509,34.4
3.66512919211433,13.433171994888642,49.23431082115905,34.599999999999994
3.6662237899413,13.44119687793155,49.278435759157375,34.8
3.66736067672094,13.449534333159072,49.32429333363577,35.0
3.66847096212762,13.457679199973546,49.36910536273181,35.199999999999996
3.66956094411248,13.465677522555675,49.4131243227836,35.4
3.67072295142582,13.474206986124283,49.46008083622853,35.6
3.67185519372451,13.482520563681659,49.50586315625201,35.8
3.67302663070709,13.491124629883476,49.553260043750335,36.0
3.67415014766829,13.499379307610917,49.59874647648891,36.199999999999996
3.67524691888481,13.50743991477229,49.643176928788556,36.4
3.67639918774199,13.515910987629963,49.68988417651583,36.6
3.6775423306872,13.524317593996244,49.736250445578854,36.8
3.67877132149959,13.53335843588784,49.786130897518724,37.0
3.67997798233351,13.542237950459413,49.83513748921192,37.2
3.68113120096941,13.550726918750492,49.882003656428516,37.4
3.68237454722483,13.559882306049273,49.932565467160174,37.6
3.68356920665213,13.568682100195803,49.98117955913321,37.8
3.68473510884901,13.577272822384526,50.028653851061755,38.0
3.68592298492471,13.586028250796284,50.077053803446475,38.2
3.68725665261213,13.59586162223241,50.131431214570405,38.4
3.68846351553401,13.60476310542551,50.180672351845175,38.6
3.68974850811346,13.614244053125503,50.233136684112374,38.800000000000004
3.69096355310409,13.62321195034277,50.282778784927245,39.0
3.6923085720457,13.633142591202155,50.337769253417044,39.2
3.69365530043604,13.643089478439254,50.39286976636032,39.4
3.69485531736659,13.651955816272164,50.442001540206945,39.6
3.6961374387568,13.661431966179677,50.494530157225626,39.800000000000004
3.69754771317923,13.671859091236954,50.55235131771187,40.0
3.69892423128978,13.68204046882269,50.608831023615636,40.2
3.70030360272964,13.692246752373952,50.665469987272544,40.400000000000006
3.70155306154903,13.701495067462997,50.71681101476659,40.6
3.70295833076371,13.711900399372361,50.774595814458124,40.8
3.70440318909017,13.722602987341421,50.834054268925854,41.0
3.70576162851818,13.732669247397714,50.889998754138084,41.199999999999996
3.70717527065418,13.743148487349892,50.94826021323192,41.4
3.70858563688989,13.75360742614599,51.00643095602715,41.6
3.71003685046479,13.764373431806698,51.06633265556135,41.8
3.71148442553611,13.775116640997108,51.12613087300406,42.0
3.71301445425371,13.786476337496977,51.18938591435302,42.199999999999996
3.71438818920361,13.796679620095274,51.24622383110803,42.4
3.71598346984647,13.808533148172213,51.31228092143498,42.6
3.7174014352525,13.819073430817348,51.371043405580096,42.8
3.71896933510649,13.83073291546241,51.43607159465268,43.0
3.72035760879051,13.84106073728544,51.49369562769147,43.2
3.72183412036802,13.852049219535592,51.55502942228477,43.4
3.72344718395689,13.864058931716494,51.62209118751215,43.6
3.72498113725083,13.875484472874486,51.68591793167423,43.8
3.72664332688313,13.887870485802564,51.7551398705333,44.0
3.72813182256053,13.8989668863885,51.81718074986002,44.2
3.72980552889047,13.911449283341918,51.88700045188805,44.4
3.73134219108846,13.922914546996829,51.95115847212854,44.6
3.73292308878491,13.934714786783474,52.017218563216524,44.800000000000004
3.73450362979944,13.946517360985192,52.0833197076601,45.0
3.73620106259167,13.959198380111124,52.1543718206991,45.2
3.73782224997231,13.971315172388062,52.222292712727814,45.4
3.73944598386759,13.983456266263447,52.290379375466934,45.6
3.74113710932823,13.996106870792786,52.361354800446705,45.800000000000004
3.74280401962857,14.00858192934778,52.431376754459016,46.0
3.74443872350206,14.020821354061738,52.50010641345336,46.2
3.74604922420578,14.032884790172725,52.56787718159563,46.400000000000006
3.74774692073836,14.045606981903859,52.6393803163314,46.6
3.74947936476023,14.058595506762778,52.712413750117925,46.800000000000004
3.75111741948199,14.070881894741223,52.78153018283755,47.0
3.75283986488965,14.083807051504966,52.854272552301794,47.199999999999996
3.7545425678889,14.096589894089776,52.92624681943255,47.4
3.75620013792299,14.10903947613269,52.99637602621052,47.599999999999994
3.75804671782968,14.12291513339043,53.074574863225024,47.8
3.75971573717837,14.135462424386693,53.14532052926016,48.0
3.76149796370937,14.148866930989737,53.22093414971274,48.199999999999996
3.76326770627801,14.162183829114957,53.296089054480966,48.4
3.76487711667273,14.17429970364597,53.364496599117764,48.6
3.76661259908996,14.187370471623225,53.43832836637291,48.8
3.76841496846751,14.200951374569986,53.5150777264088,49.0
3.77007372971122,14.213455927458668,53.58577680052015,49.2
3.77189240531609,14.227172317281198,53.663363212676266,49.4
3.77363026757856,14.240285396385035,53.73757199075552,49.6
3.7753270925625,14.25309465583642,53.81009440703703,49.8
3.77709374384954,14.266437149827334,53.88567050563549,50.0
3.77886918382812,14.279852308485802,53.96169383815384,50.2
3.78060992521587,14.293011406640744,54.03630078516964,50.4
3.78229970306479,14.305791043803998,54.108789217086795,50.6
3.78403914533663,14.318952253439974,54.183475847223015,50.8
3.78572735578477,14.331731612337148,54.25602842059011,51.0
3.78748489352333,14.345041818667431,54.33162918516333,51.2
3.78923297404163,14.358286531564378,54.40689277614157,51.4
3.79089717292461,14.370901375687799,54.47860939747327,51.6
3.79260332141452,14.383839953604449,54.55219918273511,51.800000000000004
3.79427745782428,14.39654142695348,54.624472606922986,52.0
3.79601949879753,14.409764035251053,54.699745250884376,52.2
3.79767113441275,14.422306045151824,54.77117535933959,52.400000000000006
3.79939715954283,14.435418775942125,54.845889094125745,52.6
3.80100015929927,14.447602210993075,54.915338305477164,52.800000000000004
3.80264690154674,14.460123457843023,54.986743662950104,53.0
3.80438590394242,14.473352106115783,55.06221673530222,53.2
3.80596547336125,14.485373184417922,55.13083020864751,53.400000000000006
3.80755887214759,14.497504564869827,55.2001021299703,53.6
3.80927277151733,14.510559047823321,55.274677480367814,53.800000000000004
3.81080871587137,14.5222630689612,55.341566677374246,54.0
3.81241425105567,14.534502421652364,55.41154416431063,54.2
3.81403483502398,14.546861722776399,55.482237350946136,54.400000000000006
3.8156905157778,14.559494112196655,55.554523598431494,54.6
3.81726170606481,14.571486932588824,55.6231790681951,54.800000000000004
3.81869581185029,14.582437703442945,55.68589378470534,55.00000000000001
3.82034059052398,14.59500222760511,55.75787942890771,55.2
3.8218857,14.606810303864492,55.82555942295236,55.400000000000006
3.823375194247,14.618197875983283,55.89085514362866,55.60000000000001
3.8249320569296,14.630105240127701,55.95915852921817,55.800000000000004
3.82641221174108,14.641430414161265,56.024148134103925,56.00000000000001
3.82792470816041,14.653007571344961,56.09060973121294,56.2
3.82941696789985,14.664434314039282,56.15623358683483,56.39999999999999
3.83087262725854,14.67558508627875,56.22029719602892,56.599999999999994
3.83234345295242,14.686856341387276,56.28507774436826,56.8
3.83390049665751,14.698793018270703,56.35370985301399,56.99999999999999
3.83530268572432,14.709546691124181,56.41556393025586,57.199999999999996
3.83679494354722,14.720995438829517,56.48144086368278,57.4
3.83827131875086,14.732326716345467,56.54666709381584,57.599999999999994
3.83964994274168,14.742911682796185,56.60761999869402,57.8
3.84105033291862,14.75366766001424,56.66958007726837,57.99999999999999
3.84257559680757,14.765387217181054,56.73711659815435,58.199999999999996
3.84395470288301,14.775987757816411,56.798227631400174,58.4
3.84535325022835,14.786741619041734,56.86024494506894,58.599999999999994
3.84683119233594,14.798110222328749,56.925831990879566,58.8
3.84812882208596,14.80809543136868,56.983458829649244,59.0
3.84963614845995,14.819698475529558,57.0504469606754,59.199999999999996
3.8510124780136,14.830297105816449,57.11165920714813,59.4
3.85236556830791,14.840720471884325,57.171880554769494,59.599999999999994
3.85380555,14.851817217210803,57.23601561927255,59.8
3.8552299732319,14.862798146505636,57.299504900504054,60.0
3.85660927907261,14.873435131428957,57.361027939553466,60.199999999999996
3.85791986162316,14.88354565870646,57.41952640809881,60.4
3.85924662423217,14.893784506647401,57.47878757932038,60.6
3.86078244809192,14.905641111494639,57.54743758081584,60.8
3.86210062758022,14.91582125755553,57.6064026396796,61.0
3.86346109739667,14.926331651097481,57.66730166085572,61.199999999999996
3.86488936558336,14.937369808199346,57.731281721495606,61.4
3.86623260690317,14.947754570681282,57.79149612115387,61.6
3.86762626423519,14.958532919801852,57.85401479505235,61.8
3.8689982090561,14.969147141679308,57.91560348225448,62.0
3.87038708436444,14.97989618281507,57.97799671108762,62.2
3.87176642647634,14.990575261189369,58.040006009839786,62.4
3.87318223808428,15.001540649411554,58.10370078720015,62.6
3.87458969276139,15.0124452872528,58.167065773134006,62.8
3.87597410321085,15.023175248761152,58.22943821219644,63.0
3.8774245469459,15.034421117258619,58.29483348918037,63.2
3.87875638028202,15.04475105757848,58.3549241543372,63.4
3.88027948831917,15.056568907470478,58.423695496121866,63.6
3.88169805376047,15.06757978056782,58.487795109110714,63.800000000000004
3.88315533091291,15.07889532399735,58.55369276165806,64.0
3.88460935213576,15.090189818700608,58.61949249522821,64.2
3.88604446544447,15.101341587411598,58.68448489654725,64.4
3.8875465482748,15.113018165003313,58.75256160137298,64.60000000000001
3.88897857170351,15.124154331169073,58.81751210905336,64.8
3.89052728541765,15.136202558579228,58.88780905176094,65.0
3.8920901476736,15.148365717617907,58.958804962897176,65.2
3.89358824334669,15.160029408727565,59.02691227461172,65.4
3.89509734186735,15.171783302622094,59.09557281343076,65.60000000000001
3.89678441513976,15.184928778076122,59.172393807414274,65.8
3.89833580893665,15.197022079237765,59.24309536069349,66.0
3.89998760540326,15.209903322299052,59.31843443634817,66.2
3.9015984483846,15.222470452437118,59.39196709780908,66.4
3.90332825004,15.235971427560328,59.4709976899985,66.60000000000001
3.90511445260874,15.24991888797366,59.55267865053694,66.8
3.90687910708294,15.26370435736119,59.633447650465264,67.0
3.90871876197312,15.278082360200681,59.71772716828697,67.2
3.91065351735963,15.293210932837248,59.80644912622273,67.4
3.91248651613731,15.307550738956266,59.89058586125411,67.60000000000001
3.91453985546967,15.323622280060507,59.98493014545987,67.80000000000001
3.9166085198066,15.339822297421646,60.080078702400876,68.0
3.91866605076935,15.355943617452255,60.17481493123843,68.2
3.9208106710558,15.372756318265035,60.27366701619402,68.4
3.92301660955936,15.390059318878615,60.37545833006462,68.60000000000001
3.92519630439564,15.407166028041189,60.47615115447733,68.8
3.92738672774984,15.424366509305598,60.57745231259594,69.0
3.92956281115536,15.441463886815216,60.67820223942757,69.19999999999999
3.93178319338915,15.458919079817381,60.78111822598884,69.39999999999999
3.93392386593656,15.47575698298525,60.88044973880004,69.6
3.93605119600616,15.492499017581524,60.97926928727602,69.8
3.93811156706193,15.50872271462697,61.07508031282857,70.0
3.94006477874928,15.524110460740614,61.166000847777354,70.19999999999999
3.94217677917058,15.540757758231727,61.264414365216155,70.39999999999999
3.94397862976769,15.554967432064226,61.34845913879371,70.6
3.94588671668219,15.570021980888953,61.43754291283943,70.8
3.94772827342166,15.584558520772761,61.52360230124908,71.0
3.94952872477454,15.598777147819202,61.607818416668614,71.2
3.95123108219728,15.612227064921889,61.68751684124098,71.39999999999999
3.95297549939686,15.626015298831856,61.769255629482835,71.6
3.95456831909372,15.638610590379729,61.843953995359215,71.8
3.95621999652964,15.651676660940986,61.92147618523099,72.0
3.95790331492993,15.66499865033333,62.00055008652716,72.2
3.95954421560927,15.67799039536483,62.07769618234451,72.39999999999999
3.96114465528527,15.690666980095061,62.15300164606462,72.6
3.9627690336066,15.703538413711385,62.22949574390719,72.8
3.96425887247109,15.71534840796576,62.29970936025268,73.0
3.96579342761257,15.727517510495057,62.3720855757829,73.2
3.96737964414987,15.74010124081475,62.446957259666554,73.4
3.9689155356375,15.752290529024704,62.519510602521606,73.6
3.97044484409699,15.764432260016372,62.59180878689827,73.8
3.97205065712388,15.777186422758247,62.66778369808286,74.0
3.97354032365628,15.789022703722454,62.73831838436567,74.2
3.97504758841606,15.801003330172334,62.809740182155664,74.4
3.97650979974598,15.812630187475815,62.879078900256694,74.6
3.97816734780778,15.825815447163986,62.95774226433975,74.8
3.97970686724206,15.838066749173612,63.03086300552436,75.0
3.98115037454702,15.849558304755877,63.09947498138369,75.2
3.9827072850064,15.861957318043048,63.173532965030624,75.4
3.9842494348053,15.874243558746352,63.24694592689683,75.6
3.98581548861074,15.886725109249271,63.321555003746894,75.8
3.9873243212215,15.898755242604498,63.393493455984746,76.0
3.98885370125538,15.910953850018746,63.466467155150816,76.2
3.99047473795713,15.923888634274025,63.543875325113156,76.4
3.9920217445783,15.936237609185975,63.61780706263691,76.6
3.99356230223201,15.948539861808632,63.69148756776346,76.8
3.99514163933568,15.961156718353783,63.76708181745763,77.0
3.99660927556133,15.97288570150286,63.83738315210727,77.2
3.99818851849192,15.985511429400614,63.91308825925089,77.4
3.99970105113016,15.997608498411708,63.98565152666609,77.60000000000001
4.00125469351848,16.01003912240367,64.06024418193216,77.8
4.00278165508941,16.022260978320315,64.13361231707546,78.0
4.00430444335269,16.034454075054096,64.20683569947377,78.2
4.00581701062682,16.046569922627192,64.2796227582727,78.4
4.00736996736095,16.059014055306502,64.35441063066266,78.60000000000001
4.00890706213273,16.071335832817674,64.42849171808957,78.8
4.01045924223414,16.083783333621234,64.5033575204127,79.0
4.01189766782371,16.095322897089325,64.57278839370224,79.2
4.01343353418094,16.107648733288112,64.64697758298566,79.4
4.01492733467076,16.11964150268645,64.71918929422907,79.60000000000001
4.01643006677985,16.13171048133319,64.79188700581426,79.80000000000001
4.01788542707141,16.143403305072805,64.86234488278846,80.0
4.0192880402992,16.154676350892185,64.93029745204527,80.2
4.02068842195987,16.165935386482154,64.99818923858015,80.4
4.02212505577915,16.177489964326433,65.06788772513309,80.60000000000001
4.02355932443594,16.1890296372554,65.13752115054874,80.80000000000001
4.02492292626675,16.200004562387694,65.20376976878018,81.0
4.02639533031604,16.211859355990814,65.27535480670183,81.2
4.02772464956161,16.222565852686195,65.34002836400063,81.39999999999999
4.02908496693752,16.23352567080192,65.40625424062235,81.6
4.03044142556356,16.244458084898824,65.4723368012071,81.8
4.03169440256298,16.254559755657667,65.53341758301049,82.0
4.03302494454298,16.265290203305906,65.59832112016328,82.19999999999999
4.03429874749836,16.275566384066835,65.66049707806724,82.39999999999999
4.03551883612405,16.285412276712005,65.72008799671714,82.6
4.03680820753277,16.295820504403938,65.78310196065863,82.8
4.03806997116924,16.306009092058748,65.84480566425505,83.0
4.03918156777684,16.31498773746817,65.8991977476866,83.2
4.0402865777514,16.323915630358115,65.95329721768218,83.39999999999999
4.04155687721088,16.33418199173056,66.01552556229275,83.6
4.04272763657456,16.34364674352373,66.0729123724552,83.8
4.04387576357345,16.35293119121675,66.12922210754571,84.0
4.04501647328698,16.362158269163036,66.18519973729326,84.2
4.0460346696024,16.3703965476246,66.23519198682857,84.39999999999999
4.04727896078126,16.38046698638264,66.29631940175847,84.6
4.04832953197566,16.388971999466264,66.34795934416145,84.8
4.04944318914578,16.397990142119145,66.40272949668402,85.0
4.05055898420495,16.407028084523436,66.45763501186934,85.2
4.0516933258566,16.416218806790916,66.51348417527635,85.39999999999999
4.05271622495093,16.42450879998052,66.56387330053037,85.6
4.0538188303274,16.43344710911701,66.61821733812792,85.8
4.0548534408107,16.441836426454376,66.66923700705524,86.0
4.05606553128771,16.451667594100254,66.72904186063305,86.2
4.05713025163335,16.460305878718486,66.78160493168704,86.4
4.05822548783875,16.46919411014406,66.83570330195045,86.6
4.05923125131863,16.477358351681815,66.88540796032285,86.8
4.06039878566863,16.486838298659283,66.94313820739121,87.0
4.06144587706462,16.4953426123252,66.99494124359653,87.2
4.06270745765144,16.505591886456628,67.05739125005843,87.4
4.06381017744217,16.514553158282563,67.11200920053842,87.6
4.06494929400664,16.52381276284508,67.16846102462502,87.8
4.06613218098495,16.53343091324143,67.22711549842236,88.0
4.06729690684134,16.54290412840113,67.28490279161873,88.2
4.06847964938484,16.552526657458593,67.34361785177035,88.4
4.06968313115141,16.562320787978347,67.4033975235538,88.6
4.07084580312886,16.57178555285185,67.46118366817842,88.8
4.07223366476904,16.58308702047828,67.53020523058618,89.0
4.07341894660157,16.592741914532642,67.58918929072728,89.2
4.07474903768436,16.60357972010962,67.65542048663224,89.4
4.07609671028964,16.614564391634026,67.72257125963485,89.60000000000001
4.07732148099995,16.624550459423624,67.78363670017552,89.8
4.07875334779699,16.636228872165155,67.85507420706057,90.0
4.08016857910245,16.647775633894906,67.92573105336537,90.2
4.08159535369326,16.659420631290406,67.99701384389655,90.4
4.0829957706108,16.670854462825684,68.06702826418545,90.60000000000001
4.08452914775186,16.68337835883454,68.14374518963227,90.8
4.08599155029383,16.695326949072577,68.21696484330342,91.0
4.08750604229503,16.70770564579838,68.29284778008767,91.2
4.08904465576215,16.720286196817,68.36999691590819,91.4
4.09071739679213,16.733968820417783,68.45393737106012,91.60000000000001
4.09231514507969,16.7470432466486,68.53417871356461,91.8
4.09387684496489,16.75982762173968,68.61267022624305,92.0
4.09567269470406,16.774534822144417,68.70300423741931,92.2
4.09729452801671,16.787822449315676,68.7846530588972,92.4
4.09907324274877,16.80240144941892,68.87427419523624,92.60000000000001
4.10093141234707,16.817638448774936,68.967981796077,92.80000000000001
4.10274065681697,16.832480897098947,69.05930373162283,93.0
4.10458652295345,16.84763052441109,69.15255719419692,93.2
4.10662836603541,16.86439653672666,69.25580919379102,93.4
4.10854179870321,16.88011571169141,69.35266096843094,93.60000000000001
4.11055891135587,16.896694563727156,69.45485841138694,93.8
4.11259937406543,16.913473611563365,69.55834098818765,94.0
4.11473210004441,16.93102025513588,69.6666125303097,94.19999999999999
4.11685747158176,16.94851544131856,69.77462242681115,94.39999999999999
4.11899014233496,16.966079792652575,69.88311542000432,94.6
4.12128229765482,16.98496777696299,69.99984702543512,94.8
4.12357317925758,17.003855764692464,70.11664357525024,95.0
4.12588545572477,17.022930793761194,70.23466257578863,95.19999999999999
4.12823137593011,17.042294293213807,70.35453401907989,95.39999999999999
4.13073683896398,17.062986832774133,70.48270829289743,95.6
4.13310719886432,17.08257511730407,70.60411419246996,95.8
4.13574365496504,17.10437557958359,70.73931277540181,96.0
4.13829768883306,17.125507761401042,70.87044918909857,96.2
4.14094149488252,17.147396464039875,71.00636554714451,96.39999999999999
4.1434990010364,17.16858397158964,71.13801053549122,96.6
4.14630792583113,17.19186941581005,71.282784418627,96.8
4.14898729222107,17.21409555101193,71.42106368822776,97.0
4.1518244994307,17.23764667407298,71.56768377394633,97.2
4.15464926609353,17.26111052425151,71.71386017154084,97.39999999999999
4.15766146039917,17.286148819288563,71.86995474468068,97.6
4.16062899320619,17.310833619107957,72.023956252229,97.8
4.16361143177675,17.335660154822037,72.17895279801374,98.0
4.16675202055631,17.361822400810095,72.34240856911526,98.2
4.16986090149723,17.38773993783529,72.50445693218124,98.4
4.17300576830729,17.413977142325912,72.66862706409732,98.6
4.17625999576123,17.441147552195588,72.83876680240333,98.8
4.17955753899997,17.468701221811486,73.01144188816018,99.0
4.18289165580781,17.496582604226607,73.18630938037155,99.2
4.18639134967428,17.52587253262764,73.37016116608642,99.4
4.18979043057945,17.55434385217513,73.54902188694456,99.6
4.19340375536568,17.58463505551499,73.73947467853155,99.8
4.19772606548603,17.62090412086083,73.9677285255677,100.0
